id;street;number;flat;department;postal_code;jhi_order
1;Reilly Ridges;Interactions Future Quality;76591;Configuration;Home Loan Account;30332
2;Hillard Stream;experiences Sports Handcrafted Concrete Chicken;99207;South Dakota JSON;supply-chains Corporate;33863
3;Larkin Forge;Health copy;27410;Chips override;Kids;74962
4;Melvin Court;Awesome Wooden Table;15877;index indexing;invoice China;52156
5;Manuela Stream;bypassing;30524;Applications circuit hacking;interactive;88780
6;Kovacek Springs;orchid SMTP driver;57088;contextually-based;Refined Soft Sausages National National;49655
7;Wilhelm Divide;calculating Assimilated;77143;SCSI Rustic Cotton Shoes systemic;Savings Account Cayman Islands Dollar Canada;83205
8;Goldner Points;USB azure projection;84147;Awesome Fresh Chips invoice Accounts;blue motivating;83071
9;Vivienne Place;Luxembourg deposit;53968;Industrial Identity;calculate Credit Card Account calculating;18262
10;Laurianne Skyway;Brunei Dollar;99978;time-frame;evolve Architect;67406
