id;title;text
1;payment Awesome Concrete Keyboard Health;../fake-data/blob/hipster.txt
2;CSS monitor;../fake-data/blob/hipster.txt
3;Unbranded Refined Fresh Tuna Gorgeous;../fake-data/blob/hipster.txt
4;invoice program;../fake-data/blob/hipster.txt
5;Operations Borders Fresh;../fake-data/blob/hipster.txt
6;cross-platform Ridges;../fake-data/blob/hipster.txt
7;Sausages;../fake-data/blob/hipster.txt
8;sky blue indigo optimal;../fake-data/blob/hipster.txt
9;calculating Plains Plastic;../fake-data/blob/hipster.txt
10;Tanzanian Shilling Road online;../fake-data/blob/hipster.txt
