id;name;request_date;upload_date;file_url;sent
1;invoice infomediaries;2020-08-19T02:19:41;2020-08-19T13:05:18;Fantastic Universal;false
2;Palau viral;2020-08-19T02:10:42;2020-08-19T18:59:08;Operations neural El Salvador Colon US Dollar;false
3;generate Chicken;2020-08-19T21:53:33;2020-08-18T23:27:59;Investor;true
4;hacking Aruban Guilder grey;2020-08-19T20:22:40;2020-08-19T14:14:56;Metal Rwanda Down-sized;false
5;Rustic Surinam Dollar;2020-08-19T01:19:04;2020-08-19T17:14:58;Distributed;true
6;AGP Cambridgeshire payment;2020-08-19T04:55:21;2020-08-19T10:05:14;Credit Card Account Operations;true
7;Cheese;2020-08-19T14:38:16;2020-08-18T22:39:34;Handmade;false
8;adapter bi-directional;2020-08-19T05:37:59;2020-08-18T23:39:00;Games;false
9;Forward sensor;2020-08-19T09:04:04;2020-08-18T23:05:20;payment SSL;true
10;Metal Guyana;2020-08-19T04:28:28;2020-08-19T13:50:08;turquoise Gorgeous Soft Tuna Beauty;true
