id;first_name;last_name;id_number;birth_date;enabled;photo_url
1;Ricardo;Kuphal;indigo;2020-08-03T15:03:42;true;GB whiteboard
2;Wallace;Stoltenberg;frame Configuration;2020-08-03T15:26:10;false;Frozen Bedfordshire
3;Megane;Fahey;bypassing Orchestrat;2020-08-03T00:03:54;true;connect Refined
4;Nathan;Kuhlman;ShoesX;2020-08-03T10:14:46;false;partnerships rich Iowa
5;Malcolm;Wehner;South Dakota adapter;2020-08-03T03:51:39;true;South Dakota eco-centric even-keeled
6;Laurence;Hammes;Handmade;2020-08-03T00:52:11;true;Maine
7;Rocio;Wunsch;bypassing;2020-08-03T05:43:28;true;Iran
8;Tom;McKenzie;Usability quantify;2020-08-03T21:47:47;false;virtual Soft
9;Pascale;Nicolas;revolutionary Glens ;2020-08-03T05:51:19;false;Sports
10;Lisa;Rippin;Legacy;2020-08-03T11:22:57;true;driver Chief Marketing
